title,link,desc
XML 教程,/xml/index.asp,XML 教程
XML 简介,/xml/xml_intro.asp,XML 简介
XML 用途,/xml/xml_usedfor.asp,XML 的用途
XML 树结构,/xml/xml_tree.asp,XML 树结构
XML 语法,/xml/xml_syntax.asp,XML 语法规则
XML 元素,/xml/xml_elements.asp,XML 元素
XML 属性,/xml/xml_attributes.asp,XML 属性
XML 验证,/xml/xml_dtd.asp,XML 验证
XML 验证器,/xml/xml_validator.asp,XML 验证器
XML 浏览器,/xml/xml_browsers.asp,XML 浏览器支持
XML 查看,/xml/xml_view.asp,查看 XML 文件
XML CSS,/xml/xml_display.asp,使用 CSS 显示 XML
XML XSLT,/xml/xml_xsl.asp,使用 XSLT 显示 XML
title,link,desc
XML 教程,/xml/index.asp,XML 教程
XML 简介,/xml/xml_intro.asp,XML 简介
XML 用途,/xml/xml_usedfor.asp,XML 的用途
XML 树结构,/xml/xml_tree.asp,XML 树结构
XML 语法,/xml/xml_syntax.asp,XML 语法规则
XML 元素,/xml/xml_elements.asp,XML 元素
XML 属性,/xml/xml_attributes.asp,XML 属性
XML 验证,/xml/xml_dtd.asp,XML 验证
XML 验证器,/xml/xml_validator.asp,XML 验证器
XML 浏览器,/xml/xml_browsers.asp,XML 浏览器支持
XML 查看,/xml/xml_view.asp,查看 XML 文件
XML CSS,/xml/xml_display.asp,使用 CSS 显示 XML
XML XSLT,/xml/xml_xsl.asp,使用 XSLT 显示 XML
